{"title":"Exploring Data with fastexplore()","markdown":{"yaml":{"title":"Exploring Data with fastexplore()","format":"html","editor":"visual"},"headingText":"Loading the Package and Data","containsRefs":false,"markdown":"\n\n  # Introduction\n\n  Before building predictive models, it's essential to understand your dataset. The `fastexplore()` function in the `fastml` package provides a quick and informative overview of your data. It computes descriptive statistics, detects missing values, highlights class imbalance, and gives early insights into feature distributions and correlations.\n\nIn this tutorial, we'll explore how to use `fastexplore()` to inspect datasets before model training.\n\n\nWe’ll use the classic `PimaIndiansDiabetes` dataset from the `mlbench` package to demonstrate.\n\n```r\nlibrary(fastml)\nlibrary(mlbench)\ndata(PimaIndiansDiabetes)\n\n# View structure\nstr(PimaIndiansDiabetes)\n```\n\n# Using fastexplore()\n\nThe `fastexplore()` function expects a data frame and the name of the outcome column. It works for both classification and regression problems.\n\n```r\nexplore <- fastexplore(\n  data = PimaIndiansDiabetes,\n  label = \"diabetes\"\n)\n```\n\n# Output Summary\n\nThe result is a list with structured summaries:\n\n  * `basic`: General info like number of rows, columns, and missing values.\n* `target`: Outcome distribution.\n* `features`: Summary statistics for each feature.\n* `correlation`: Feature correlation matrix (for numeric predictors).\n\nYou can inspect these components individually:\n\n  ```r\nexplore$basic\nexplore$target\nexplore$features\nexplore$correlation\n```\n\n# Visualizing Exploration Results\n\n`fastexplore()` also provides an optional argument `plot = TRUE` to visualize results.\n\n```r\nfastexplore(\n  data = PimaIndiansDiabetes,\n  label = \"diabetes\",\n  plot = TRUE\n)\n```\n\nThis generates:\n\n  * A bar plot of outcome class distribution.\n* Histograms of numerical features.\n* A heatmap of pairwise correlations.\n\n# When to Use fastexplore()\n\nUse `fastexplore()`:\n\n  * Right after loading your dataset.\n* Before splitting the data.\n* To detect class imbalance or outliers.\n* To guide feature engineering decisions.\n\n# Conclusion\n\nThe `fastexplore()` function helps you quickly assess your dataset’s structure and quality. Understanding your data is the first step toward building a robust machine learning model. In the next tutorial, we'll demonstrate how to train and compare models using `fastml()`.\n","srcMarkdownNoYaml":"\n\n  # Introduction\n\n  Before building predictive models, it's essential to understand your dataset. The `fastexplore()` function in the `fastml` package provides a quick and informative overview of your data. It computes descriptive statistics, detects missing values, highlights class imbalance, and gives early insights into feature distributions and correlations.\n\nIn this tutorial, we'll explore how to use `fastexplore()` to inspect datasets before model training.\n\n# Loading the Package and Data\n\nWe’ll use the classic `PimaIndiansDiabetes` dataset from the `mlbench` package to demonstrate.\n\n```r\nlibrary(fastml)\nlibrary(mlbench)\ndata(PimaIndiansDiabetes)\n\n# View structure\nstr(PimaIndiansDiabetes)\n```\n\n# Using fastexplore()\n\nThe `fastexplore()` function expects a data frame and the name of the outcome column. It works for both classification and regression problems.\n\n```r\nexplore <- fastexplore(\n  data = PimaIndiansDiabetes,\n  label = \"diabetes\"\n)\n```\n\n# Output Summary\n\nThe result is a list with structured summaries:\n\n  * `basic`: General info like number of rows, columns, and missing values.\n* `target`: Outcome distribution.\n* `features`: Summary statistics for each feature.\n* `correlation`: Feature correlation matrix (for numeric predictors).\n\nYou can inspect these components individually:\n\n  ```r\nexplore$basic\nexplore$target\nexplore$features\nexplore$correlation\n```\n\n# Visualizing Exploration Results\n\n`fastexplore()` also provides an optional argument `plot = TRUE` to visualize results.\n\n```r\nfastexplore(\n  data = PimaIndiansDiabetes,\n  label = \"diabetes\",\n  plot = TRUE\n)\n```\n\nThis generates:\n\n  * A bar plot of outcome class distribution.\n* Histograms of numerical features.\n* A heatmap of pairwise correlations.\n\n# When to Use fastexplore()\n\nUse `fastexplore()`:\n\n  * Right after loading your dataset.\n* Before splitting the data.\n* To detect class imbalance or outliers.\n* To guide feature engineering decisions.\n\n# Conclusion\n\nThe `fastexplore()` function helps you quickly assess your dataset’s structure and quality. Understanding your data is the first step toward building a robust machine learning model. In the next tutorial, we'll demonstrate how to train and compare models using `fastml()`.\n"},"formats":{"html":{"identifier":{"display-name":"HTML","target-format":"html","base-format":"html"},"execute":{"fig-width":7,"fig-height":5,"fig-format":"retina","fig-dpi":96,"df-print":"default","error":false,"eval":true,"cache":null,"freeze":false,"echo":true,"output":true,"warning":true,"include":true,"keep-md":false,"keep-ipynb":false,"ipynb":null,"enabled":null,"daemon":null,"daemon-restart":false,"debug":false,"ipynb-filters":[],"ipynb-shell-interactivity":null,"plotly-connected":true,"engine":"markdown"},"render":{"keep-tex":false,"keep-typ":false,"keep-source":false,"keep-hidden":false,"prefer-html":false,"output-divs":true,"output-ext":"html","fig-align":"default","fig-pos":null,"fig-env":null,"code-fold":"none","code-overflow":"scroll","code-link":false,"code-line-numbers":false,"code-tools":false,"tbl-colwidths":"auto","merge-includes":true,"inline-includes":false,"preserve-yaml":false,"latex-auto-mk":true,"latex-auto-install":true,"latex-clean":true,"latex-min-runs":1,"latex-max-runs":10,"latex-makeindex":"makeindex","latex-makeindex-opts":[],"latex-tlmgr-opts":[],"latex-input-paths":[],"latex-output-dir":null,"link-external-icon":false,"link-external-newwindow":false,"self-contained-math":false,"format-resources":[],"notebook-links":true},"pandoc":{"standalone":true,"wrap":"none","default-image-extension":"png","to":"html","toc":true,"css":["styles.css"],"output-file":"fastexplore.html"},"language":{"toc-title-document":"Table of contents","toc-title-website":"On this page","related-formats-title":"Other Formats","related-notebooks-title":"Notebooks","source-notebooks-prefix":"Source","other-links-title":"Other Links","code-links-title":"Code Links","launch-dev-container-title":"Launch Dev Container","launch-binder-title":"Launch Binder","article-notebook-label":"Article Notebook","notebook-preview-download":"Download Notebook","notebook-preview-download-src":"Download Source","notebook-preview-back":"Back to Article","manuscript-meca-bundle":"MECA Bundle","section-title-abstract":"Abstract","section-title-appendices":"Appendices","section-title-footnotes":"Footnotes","section-title-references":"References","section-title-reuse":"Reuse","section-title-copyright":"Copyright","section-title-citation":"Citation","appendix-attribution-cite-as":"For attribution, please cite this work as:","appendix-attribution-bibtex":"BibTeX citation:","appendix-view-license":"View License","title-block-author-single":"Author","title-block-author-plural":"Authors","title-block-affiliation-single":"Affiliation","title-block-affiliation-plural":"Affiliations","title-block-published":"Published","title-block-modified":"Modified","title-block-keywords":"Keywords","callout-tip-title":"Tip","callout-note-title":"Note","callout-warning-title":"Warning","callout-important-title":"Important","callout-caution-title":"Caution","code-summary":"Code","code-tools-menu-caption":"Code","code-tools-show-all-code":"Show All Code","code-tools-hide-all-code":"Hide All Code","code-tools-view-source":"View Source","code-tools-source-code":"Source Code","tools-share":"Share","tools-download":"Download","code-line":"Line","code-lines":"Lines","copy-button-tooltip":"Copy to Clipboard","copy-button-tooltip-success":"Copied!","repo-action-links-edit":"Edit this page","repo-action-links-source":"View source","repo-action-links-issue":"Report an issue","back-to-top":"Back to top","search-no-results-text":"No results","search-matching-documents-text":"matching documents","search-copy-link-title":"Copy link to search","search-hide-matches-text":"Hide additional matches","search-more-match-text":"more match in this document","search-more-matches-text":"more matches in this document","search-clear-button-title":"Clear","search-text-placeholder":"","search-detached-cancel-button-title":"Cancel","search-submit-button-title":"Submit","search-label":"Search","toggle-section":"Toggle section","toggle-sidebar":"Toggle sidebar navigation","toggle-dark-mode":"Toggle dark mode","toggle-reader-mode":"Toggle reader mode","toggle-navigation":"Toggle navigation","crossref-fig-title":"Figure","crossref-tbl-title":"Table","crossref-lst-title":"Listing","crossref-thm-title":"Theorem","crossref-lem-title":"Lemma","crossref-cor-title":"Corollary","crossref-prp-title":"Proposition","crossref-cnj-title":"Conjecture","crossref-def-title":"Definition","crossref-exm-title":"Example","crossref-exr-title":"Exercise","crossref-ch-prefix":"Chapter","crossref-apx-prefix":"Appendix","crossref-sec-prefix":"Section","crossref-eq-prefix":"Equation","crossref-lof-title":"List of Figures","crossref-lot-title":"List of Tables","crossref-lol-title":"List of Listings","environment-proof-title":"Proof","environment-remark-title":"Remark","environment-solution-title":"Solution","listing-page-order-by":"Order By","listing-page-order-by-default":"Default","listing-page-order-by-date-asc":"Oldest","listing-page-order-by-date-desc":"Newest","listing-page-order-by-number-desc":"High to Low","listing-page-order-by-number-asc":"Low to High","listing-page-field-date":"Date","listing-page-field-title":"Title","listing-page-field-description":"Description","listing-page-field-author":"Author","listing-page-field-filename":"File Name","listing-page-field-filemodified":"Modified","listing-page-field-subtitle":"Subtitle","listing-page-field-readingtime":"Reading Time","listing-page-field-wordcount":"Word Count","listing-page-field-categories":"Categories","listing-page-minutes-compact":"{0} min","listing-page-category-all":"All","listing-page-no-matches":"No matching items","listing-page-words":"{0} words","listing-page-filter":"Filter","draft":"Draft"},"metadata":{"lang":"en","fig-responsive":true,"quarto-version":"1.7.30","theme":"cosmo","code-copy":true,"title":"Exploring Data with fastexplore()","editor":"visual"},"extensions":{"book":{"multiFile":true}}}},"projectFormats":["html"]}