{"title":"Training Classification Models with fastml()","markdown":{"yaml":{"title":"Training Classification Models with fastml()","format":"html","editor":"visual"},"headingText":"Binary classification version of iris","containsRefs":false,"markdown":"\n\n  # Overview\n\n  The `fastml()` function is the core of the **fastml** package. It automates the process of:\n\n  * data splitting\n* preprocessing (recipes)\n* cross‑validation / resampling\n* hyper‑parameter tuning\n* model fitting for many algorithms and engines\n* performance comparison\n\nIn this tutorial we’ll walk through a **classification** workflow from start to finish. A follow‑up tutorial covers regression.\n\n---\n\n  ## 1 · Load Packages and Data\n\n  ```r\nlibrary(fastml)\nlibrary(dplyr)\n\niris_bin <- iris %>%\n  filter(Species != \"setosa\") %>%\n  mutate(Species = factor(Species))\n```\n\nWhy binary?\n  `fastml()` supports multi‑class too, but binary keeps plots concise for a first demo.\n\n---\n\n  ## 2 · Inspect With `fastexplore()` (optional)\n\n  ```r\nfastexplore(iris_bin, label = \"Species\", plot = TRUE)\n```\n\nUse the output to spot class imbalance, missing values, or highly‑correlated predictors before training.\n\n---\n\n  ## 3 · Train Many Models in One Shot\n\n  ```r\nset.seed(123)\nresult <- fastml(\n  data        = iris_bin,\n  label       = \"Species\",\n  algorithms  = c(\"logistic_reg\",           # classical baseline\n                  \"svm_rbf\",                # non‑linear margin\n                  \"rand_forest\",            # ensemble tree\n                  \"xgboost\"),               # gradient boosting\n  metric      = \"accuracy\",                # optimise this\n  resampling_method = \"cv\",                # 10‑fold CV by default\n  folds       = 10,\n  tune        = TRUE,                        # hyper‑parameter search\n  n_cores     = 4                            # parallel speed‑up\n)\n```\n\n### What just happened?\n\n| Step | Automated task                                                                  |\n  | ---- | ------------------------------------------------------------------------------- |\n  | 1    | Stratified train/test split (80 / 20)                                           |\n  | 2    | Recipe creation: dummy‑encoding, centring, scaling, zero‑variance removal       |\n  | 3    | 10‑fold cross‑validation inside the training fold                               |\n  | 4    | Model‑specific tuning grids (or Bayesian search if `tuning_strategy = \"bayes\"`) |\n  | 5    | Metrics collected and the best workflow finalised                               |\n\n  ---\n\n  ## 4 · Compare Models\n\n  ```r\nsummary(result, plot = TRUE)\n```\n\n* Table of metrics (Accuracy, Kappa, F1, …)\n* Bar‑plot faceted by metric\n* ROC curves (binary) or macro‑ROC (multiclass)\n* Confusion matrix for the best model\n\n> **Tip**  Use `algorithm = c(\"rand_forest\", \"svm_rbf\")` to zoom in on a subset.\n\n---\n\n  ## 5 · Inspect the Best Model\n\n  ```r\nresult$best_model_name          # Which engine won?\nprint(result$best_model[[1]])   # Workflow details\n```\n\n### Predictions on New Data\n\n```r\nnew_obs <- iris_bin %>% slice_sample(n = 5)\n\npredict(result$best_model[[1]],  new_obs, type = \"class\")\npredict(result$best_model[[1]],  new_obs, type = \"prob\")\n```\n\n---\n\n  ## 6 · Model Explainability\n\n  Combine with `fastexplain()` to interpret:\n\n  ```r\nfastexplain(result,\n            type = \"importance\",     # or \"shap\", \"profiles\", \"full\"\n            vi_iterations = 20,       # more stable importance\n            shap_sample   = 10)       # larger SHAP sample\n```\n\nOutputs include permutation‑based variable importance, SHAP summary, and partial‑dependence profiles.\n\n---\n\n  ## 7 · Advanced Options Cheat‑Sheet\n\n  | Argument            | Purpose                                              | Example                                                                  |\n  | ------------------- | ---------------------------------------------------- | ------------------------------------------------------------------------ |\n  | `recipe`            | Supply a **recipes** object; overrides auto‑recipe   | `recipe(Species ~ ., data = iris_bin) %>% step_normalize(all_numeric())` |\n  | `impute_method`     | Handle NAs — \"medianImpute\", \"mice\", \"missForest\", … | `impute_method = \"knnImpute\"`                                            |\n  | `algorithm_engines` | Change engines per algorithm                         | `list(rand_forest = \"randomForest\", svm_rbf = \"kernlab\")`                |\n  | `tuning_strategy`   | \"grid\", \"bayes\" (with `early_stopping`)              | `tuning_strategy = \"bayes\", tuning_iterations = 25`                      |\n  | `learning_curve`    | Plot performance vs training size                    | `learning_curve = TRUE`                                                  |\n\n  See `?fastml` for the full argument list.\n\n---\n\n  ## 8 · Next Steps\n\n  * **Regression Tutorial** – predicting continuous outcomes.\n* **Advanced Customisation** – stacking, ensembling, and adaptive racing.\n* **Performance at Scale** – parallel & distributed engines (`spark`, `h2o`).\n\nJump to the next tutorial: [Regression with fastml()](fastml-regression.qmd)\n\n---\n\n  ### Session Info\n\n  ```r\nsessionInfo()\n```\n","srcMarkdownNoYaml":"\n\n  # Overview\n\n  The `fastml()` function is the core of the **fastml** package. It automates the process of:\n\n  * data splitting\n* preprocessing (recipes)\n* cross‑validation / resampling\n* hyper‑parameter tuning\n* model fitting for many algorithms and engines\n* performance comparison\n\nIn this tutorial we’ll walk through a **classification** workflow from start to finish. A follow‑up tutorial covers regression.\n\n---\n\n  ## 1 · Load Packages and Data\n\n  ```r\nlibrary(fastml)\nlibrary(dplyr)\n\n# Binary classification version of iris\niris_bin <- iris %>%\n  filter(Species != \"setosa\") %>%\n  mutate(Species = factor(Species))\n```\n\nWhy binary?\n  `fastml()` supports multi‑class too, but binary keeps plots concise for a first demo.\n\n---\n\n  ## 2 · Inspect With `fastexplore()` (optional)\n\n  ```r\nfastexplore(iris_bin, label = \"Species\", plot = TRUE)\n```\n\nUse the output to spot class imbalance, missing values, or highly‑correlated predictors before training.\n\n---\n\n  ## 3 · Train Many Models in One Shot\n\n  ```r\nset.seed(123)\nresult <- fastml(\n  data        = iris_bin,\n  label       = \"Species\",\n  algorithms  = c(\"logistic_reg\",           # classical baseline\n                  \"svm_rbf\",                # non‑linear margin\n                  \"rand_forest\",            # ensemble tree\n                  \"xgboost\"),               # gradient boosting\n  metric      = \"accuracy\",                # optimise this\n  resampling_method = \"cv\",                # 10‑fold CV by default\n  folds       = 10,\n  tune        = TRUE,                        # hyper‑parameter search\n  n_cores     = 4                            # parallel speed‑up\n)\n```\n\n### What just happened?\n\n| Step | Automated task                                                                  |\n  | ---- | ------------------------------------------------------------------------------- |\n  | 1    | Stratified train/test split (80 / 20)                                           |\n  | 2    | Recipe creation: dummy‑encoding, centring, scaling, zero‑variance removal       |\n  | 3    | 10‑fold cross‑validation inside the training fold                               |\n  | 4    | Model‑specific tuning grids (or Bayesian search if `tuning_strategy = \"bayes\"`) |\n  | 5    | Metrics collected and the best workflow finalised                               |\n\n  ---\n\n  ## 4 · Compare Models\n\n  ```r\nsummary(result, plot = TRUE)\n```\n\n* Table of metrics (Accuracy, Kappa, F1, …)\n* Bar‑plot faceted by metric\n* ROC curves (binary) or macro‑ROC (multiclass)\n* Confusion matrix for the best model\n\n> **Tip**  Use `algorithm = c(\"rand_forest\", \"svm_rbf\")` to zoom in on a subset.\n\n---\n\n  ## 5 · Inspect the Best Model\n\n  ```r\nresult$best_model_name          # Which engine won?\nprint(result$best_model[[1]])   # Workflow details\n```\n\n### Predictions on New Data\n\n```r\nnew_obs <- iris_bin %>% slice_sample(n = 5)\n\npredict(result$best_model[[1]],  new_obs, type = \"class\")\npredict(result$best_model[[1]],  new_obs, type = \"prob\")\n```\n\n---\n\n  ## 6 · Model Explainability\n\n  Combine with `fastexplain()` to interpret:\n\n  ```r\nfastexplain(result,\n            type = \"importance\",     # or \"shap\", \"profiles\", \"full\"\n            vi_iterations = 20,       # more stable importance\n            shap_sample   = 10)       # larger SHAP sample\n```\n\nOutputs include permutation‑based variable importance, SHAP summary, and partial‑dependence profiles.\n\n---\n\n  ## 7 · Advanced Options Cheat‑Sheet\n\n  | Argument            | Purpose                                              | Example                                                                  |\n  | ------------------- | ---------------------------------------------------- | ------------------------------------------------------------------------ |\n  | `recipe`            | Supply a **recipes** object; overrides auto‑recipe   | `recipe(Species ~ ., data = iris_bin) %>% step_normalize(all_numeric())` |\n  | `impute_method`     | Handle NAs — \"medianImpute\", \"mice\", \"missForest\", … | `impute_method = \"knnImpute\"`                                            |\n  | `algorithm_engines` | Change engines per algorithm                         | `list(rand_forest = \"randomForest\", svm_rbf = \"kernlab\")`                |\n  | `tuning_strategy`   | \"grid\", \"bayes\" (with `early_stopping`)              | `tuning_strategy = \"bayes\", tuning_iterations = 25`                      |\n  | `learning_curve`    | Plot performance vs training size                    | `learning_curve = TRUE`                                                  |\n\n  See `?fastml` for the full argument list.\n\n---\n\n  ## 8 · Next Steps\n\n  * **Regression Tutorial** – predicting continuous outcomes.\n* **Advanced Customisation** – stacking, ensembling, and adaptive racing.\n* **Performance at Scale** – parallel & distributed engines (`spark`, `h2o`).\n\nJump to the next tutorial: [Regression with fastml()](fastml-regression.qmd)\n\n---\n\n  ### Session Info\n\n  ```r\nsessionInfo()\n```\n"},"formats":{"html":{"identifier":{"display-name":"HTML","target-format":"html","base-format":"html"},"execute":{"fig-width":7,"fig-height":5,"fig-format":"retina","fig-dpi":96,"df-print":"default","error":false,"eval":true,"cache":null,"freeze":false,"echo":true,"output":true,"warning":true,"include":true,"keep-md":false,"keep-ipynb":false,"ipynb":null,"enabled":null,"daemon":null,"daemon-restart":false,"debug":false,"ipynb-filters":[],"ipynb-shell-interactivity":null,"plotly-connected":true,"engine":"markdown"},"render":{"keep-tex":false,"keep-typ":false,"keep-source":false,"keep-hidden":false,"prefer-html":false,"output-divs":true,"output-ext":"html","fig-align":"default","fig-pos":null,"fig-env":null,"code-fold":"none","code-overflow":"scroll","code-link":false,"code-line-numbers":false,"code-tools":false,"tbl-colwidths":"auto","merge-includes":true,"inline-includes":false,"preserve-yaml":false,"latex-auto-mk":true,"latex-auto-install":true,"latex-clean":true,"latex-min-runs":1,"latex-max-runs":10,"latex-makeindex":"makeindex","latex-makeindex-opts":[],"latex-tlmgr-opts":[],"latex-input-paths":[],"latex-output-dir":null,"link-external-icon":false,"link-external-newwindow":false,"self-contained-math":false,"format-resources":[],"notebook-links":true},"pandoc":{"standalone":true,"wrap":"none","default-image-extension":"png","to":"html","toc":true,"css":["styles.css"],"output-file":"fastml-classification.html"},"language":{"toc-title-document":"Table of contents","toc-title-website":"On this page","related-formats-title":"Other Formats","related-notebooks-title":"Notebooks","source-notebooks-prefix":"Source","other-links-title":"Other Links","code-links-title":"Code Links","launch-dev-container-title":"Launch Dev Container","launch-binder-title":"Launch Binder","article-notebook-label":"Article Notebook","notebook-preview-download":"Download Notebook","notebook-preview-download-src":"Download Source","notebook-preview-back":"Back to Article","manuscript-meca-bundle":"MECA Bundle","section-title-abstract":"Abstract","section-title-appendices":"Appendices","section-title-footnotes":"Footnotes","section-title-references":"References","section-title-reuse":"Reuse","section-title-copyright":"Copyright","section-title-citation":"Citation","appendix-attribution-cite-as":"For attribution, please cite this work as:","appendix-attribution-bibtex":"BibTeX citation:","appendix-view-license":"View License","title-block-author-single":"Author","title-block-author-plural":"Authors","title-block-affiliation-single":"Affiliation","title-block-affiliation-plural":"Affiliations","title-block-published":"Published","title-block-modified":"Modified","title-block-keywords":"Keywords","callout-tip-title":"Tip","callout-note-title":"Note","callout-warning-title":"Warning","callout-important-title":"Important","callout-caution-title":"Caution","code-summary":"Code","code-tools-menu-caption":"Code","code-tools-show-all-code":"Show All Code","code-tools-hide-all-code":"Hide All Code","code-tools-view-source":"View Source","code-tools-source-code":"Source Code","tools-share":"Share","tools-download":"Download","code-line":"Line","code-lines":"Lines","copy-button-tooltip":"Copy to Clipboard","copy-button-tooltip-success":"Copied!","repo-action-links-edit":"Edit this page","repo-action-links-source":"View source","repo-action-links-issue":"Report an issue","back-to-top":"Back to top","search-no-results-text":"No results","search-matching-documents-text":"matching documents","search-copy-link-title":"Copy link to search","search-hide-matches-text":"Hide additional matches","search-more-match-text":"more match in this document","search-more-matches-text":"more matches in this document","search-clear-button-title":"Clear","search-text-placeholder":"","search-detached-cancel-button-title":"Cancel","search-submit-button-title":"Submit","search-label":"Search","toggle-section":"Toggle section","toggle-sidebar":"Toggle sidebar navigation","toggle-dark-mode":"Toggle dark mode","toggle-reader-mode":"Toggle reader mode","toggle-navigation":"Toggle navigation","crossref-fig-title":"Figure","crossref-tbl-title":"Table","crossref-lst-title":"Listing","crossref-thm-title":"Theorem","crossref-lem-title":"Lemma","crossref-cor-title":"Corollary","crossref-prp-title":"Proposition","crossref-cnj-title":"Conjecture","crossref-def-title":"Definition","crossref-exm-title":"Example","crossref-exr-title":"Exercise","crossref-ch-prefix":"Chapter","crossref-apx-prefix":"Appendix","crossref-sec-prefix":"Section","crossref-eq-prefix":"Equation","crossref-lof-title":"List of Figures","crossref-lot-title":"List of Tables","crossref-lol-title":"List of Listings","environment-proof-title":"Proof","environment-remark-title":"Remark","environment-solution-title":"Solution","listing-page-order-by":"Order By","listing-page-order-by-default":"Default","listing-page-order-by-date-asc":"Oldest","listing-page-order-by-date-desc":"Newest","listing-page-order-by-number-desc":"High to Low","listing-page-order-by-number-asc":"Low to High","listing-page-field-date":"Date","listing-page-field-title":"Title","listing-page-field-description":"Description","listing-page-field-author":"Author","listing-page-field-filename":"File Name","listing-page-field-filemodified":"Modified","listing-page-field-subtitle":"Subtitle","listing-page-field-readingtime":"Reading Time","listing-page-field-wordcount":"Word Count","listing-page-field-categories":"Categories","listing-page-minutes-compact":"{0} min","listing-page-category-all":"All","listing-page-no-matches":"No matching items","listing-page-words":"{0} words","listing-page-filter":"Filter","draft":"Draft"},"metadata":{"lang":"en","fig-responsive":true,"quarto-version":"1.7.30","theme":"cosmo","code-copy":true,"title":"Training Classification Models with fastml()","editor":"visual"},"extensions":{"book":{"multiFile":true}}}},"projectFormats":["html"]}