{"title":"Predicting Continuous Outcomes with fastml()","markdown":{"yaml":{"title":"Predicting Continuous Outcomes with fastml()","format":"html","editor":"visual"},"headingText":"Under the Hood","containsRefs":false,"markdown":"\n\n  # Overview\n\n  In this tutorial we’ll use **fastml** to tackle a **regression** problem: predicting house sale prices.\nYou’ll see how `fastml()` automates preprocessing, resampling, tuning, and model comparison for continuous targets just as effortlessly as for classification.\n\n*Next stop after this tutorial: advanced topics (stacking, ensembling, adaptive racing).*\n\n  ---\n\n  ## 1 · Load Packages and Data\n\n  ```r\nlibrary(fastml)\nlibrary(dplyr)\nlibrary(modeldata)   # provides the Ames housing data\n\ndata(ames)\names(ames)[names(ames) == \"Sale_Price\"] <- \"Sale_Price\"  # target already named\n\nset.seed(123)  # reproducibility\n```\n\nThe **Ames** dataset (`ames`) contains \\~2 900 rows and 80 predictors describing Iowa homes.\n\n---\n\n  ## 2 · Quick EDA with `fastexplore()` (optional but useful)\n\n  ```r\nfastexplore(ames, label = \"Sale_Price\",\n            visualize = c(\"histogram\", \"boxplot\", \"heatmap\"),\n            save_results = FALSE,\n            sample_size  = 1000)   # sample to keep plotting fast\n```\n\nExplore distributions, missingness, and correlations before modelling.\n\n---\n\n  ## 3 · Train Several Regression Models\n\n  We’ll compare a mix of linear and non‑linear algorithms.\n\n```r\nreg_result <- fastml(\n  data        = ames,\n  label       = \"Sale_Price\",\n  algorithms  = c(\"linear_reg\",      # baseline OLSE\n                  \"elastic_net\",    # regularised linear\n                  \"rand_forest\",    # tree ensemble\n                  \"xgboost\",        # gradient boosting\n                  \"svm_rbf\",        # kernel SVM\n                  \"pls\"),           # partial least squares\n  metric      = \"rmse\",            # lower is better\n  resampling_method = \"cv\",\n  folds       = 10,\n  tune        = TRUE,               # grid tuning by default\n  n_cores     = 6,\n  impute_method = \"medianImpute\",  # Ames has some NA values\n  seed        = 123)\n```\n\n\n1. **Recipe**: median‑imputes NAs, one‑hot‑encodes categoricals, centres & scales numerics.\n2. **Resampling**: 10‑fold CV within the train split.\n3. **Tuning grids**: automatically generated per algorithm.\n4. **Finalisation**: the best hyper‑parameters are selected and the workflow refit on the full training data.\n\n---\n\n  ## 4 · Compare Model Performance\n\n  ```r\nsummary(reg_result, plot = TRUE)\n```\n\n* Table of RMSE / R‑squared / MAE for each algorithm‑engine pair.\n* Bar‑plots faceted by metric.\n* Residual diagnostics (truth vs predicted, histogram of residuals) for the best model.\n\n> **Tip:** Lower RMSE indicates better fit; higher R‑squared indicates more variance explained.\n\n---\n\n  ## 5 · Inspect the Best Model\n\n  ```r\nreg_result$best_model_name      # which engine won?\n\nbest_wf <- reg_result$best_model[[1]]\nbest_wf\n```\n\n### Predict on New Observations\n\n```r\nnew_homes <- ames %>% slice_sample(n = 5)\n\npredict(best_wf, new_homes)\n```\n\nThe predictions are numeric sale‑price estimates.\n\n---\n\n  ## 6 · Variable Importance & SHAP Values\n\n  ```r\nfastexplain(reg_result,\n            vi_iterations = 30,\n            shap_sample   = 50)\n```\n\n* Permutation‑based variable importance with uncertainty bands.\n* SHAP summary bar plot: average absolute impact of each feature.\n* Partial‑dependence profiles for top drivers.\n\n---\n\n  ## 7 · Learning Curves (optional)\n\n  How much data do we need before returns diminish?\n\n  ```r\nreg_result_lc <- fastml(\n  data            = ames,\n  label           = \"Sale_Price\",\n  algorithms      = c(\"rand_forest\", \"xgboost\"),\n  metric          = \"rmse\",\n  learning_curve  = TRUE,\n  folds           = 5,\n  n_cores         = 6,\n  tune            = TRUE,\n  seed            = 123)\n```\n\nLook for the elbow in the RMSE vs training‑fraction plot to judge data sufficiency.\n\n---\n\n  ## 8 · Advanced Options Cheat‑Sheet (Regression)\n\n  | Argument            | Purpose                     | Example                                             |\n  | ------------------- | --------------------------- | --------------------------------------------------- |\n  | `scaling_methods`   | Choose centre / scale steps | `scaling_methods = NULL` to skip                    |\n  | `tuning_strategy`   | Bayesian search             | `tuning_strategy = \"bayes\", tuning_iterations = 40` |\n  | `adaptive = TRUE`   | Racing / ANOVA pruning      | `adaptive = TRUE`                                   |\n  | `algorithm_engines` | Change engines              | `list(rand_forest = \"ranger\", xgboost = \"xgboost\")` |\n\n  ---\n\n  ## 9 · Wrap‑up & Next Steps\n\n  * Experiment with more algorithms via `availableMethods(\"regression\")`.\n* Try alternative metrics: `metric = \"mae\"` or a custom summary function.\n* Scale out using distributed engines (`spark`, `h2o`).\n\nMove on to the **Advanced fastml Tutorial** to learn about ensembling and custom recipes.\n\n---\n\n  ### Session Info\n\n  ```r\nsessionInfo()\n```\n","srcMarkdownNoYaml":"\n\n  # Overview\n\n  In this tutorial we’ll use **fastml** to tackle a **regression** problem: predicting house sale prices.\nYou’ll see how `fastml()` automates preprocessing, resampling, tuning, and model comparison for continuous targets just as effortlessly as for classification.\n\n*Next stop after this tutorial: advanced topics (stacking, ensembling, adaptive racing).*\n\n  ---\n\n  ## 1 · Load Packages and Data\n\n  ```r\nlibrary(fastml)\nlibrary(dplyr)\nlibrary(modeldata)   # provides the Ames housing data\n\ndata(ames)\names(ames)[names(ames) == \"Sale_Price\"] <- \"Sale_Price\"  # target already named\n\nset.seed(123)  # reproducibility\n```\n\nThe **Ames** dataset (`ames`) contains \\~2 900 rows and 80 predictors describing Iowa homes.\n\n---\n\n  ## 2 · Quick EDA with `fastexplore()` (optional but useful)\n\n  ```r\nfastexplore(ames, label = \"Sale_Price\",\n            visualize = c(\"histogram\", \"boxplot\", \"heatmap\"),\n            save_results = FALSE,\n            sample_size  = 1000)   # sample to keep plotting fast\n```\n\nExplore distributions, missingness, and correlations before modelling.\n\n---\n\n  ## 3 · Train Several Regression Models\n\n  We’ll compare a mix of linear and non‑linear algorithms.\n\n```r\nreg_result <- fastml(\n  data        = ames,\n  label       = \"Sale_Price\",\n  algorithms  = c(\"linear_reg\",      # baseline OLSE\n                  \"elastic_net\",    # regularised linear\n                  \"rand_forest\",    # tree ensemble\n                  \"xgboost\",        # gradient boosting\n                  \"svm_rbf\",        # kernel SVM\n                  \"pls\"),           # partial least squares\n  metric      = \"rmse\",            # lower is better\n  resampling_method = \"cv\",\n  folds       = 10,\n  tune        = TRUE,               # grid tuning by default\n  n_cores     = 6,\n  impute_method = \"medianImpute\",  # Ames has some NA values\n  seed        = 123)\n```\n\n### Under the Hood\n\n1. **Recipe**: median‑imputes NAs, one‑hot‑encodes categoricals, centres & scales numerics.\n2. **Resampling**: 10‑fold CV within the train split.\n3. **Tuning grids**: automatically generated per algorithm.\n4. **Finalisation**: the best hyper‑parameters are selected and the workflow refit on the full training data.\n\n---\n\n  ## 4 · Compare Model Performance\n\n  ```r\nsummary(reg_result, plot = TRUE)\n```\n\n* Table of RMSE / R‑squared / MAE for each algorithm‑engine pair.\n* Bar‑plots faceted by metric.\n* Residual diagnostics (truth vs predicted, histogram of residuals) for the best model.\n\n> **Tip:** Lower RMSE indicates better fit; higher R‑squared indicates more variance explained.\n\n---\n\n  ## 5 · Inspect the Best Model\n\n  ```r\nreg_result$best_model_name      # which engine won?\n\nbest_wf <- reg_result$best_model[[1]]\nbest_wf\n```\n\n### Predict on New Observations\n\n```r\nnew_homes <- ames %>% slice_sample(n = 5)\n\npredict(best_wf, new_homes)\n```\n\nThe predictions are numeric sale‑price estimates.\n\n---\n\n  ## 6 · Variable Importance & SHAP Values\n\n  ```r\nfastexplain(reg_result,\n            vi_iterations = 30,\n            shap_sample   = 50)\n```\n\n* Permutation‑based variable importance with uncertainty bands.\n* SHAP summary bar plot: average absolute impact of each feature.\n* Partial‑dependence profiles for top drivers.\n\n---\n\n  ## 7 · Learning Curves (optional)\n\n  How much data do we need before returns diminish?\n\n  ```r\nreg_result_lc <- fastml(\n  data            = ames,\n  label           = \"Sale_Price\",\n  algorithms      = c(\"rand_forest\", \"xgboost\"),\n  metric          = \"rmse\",\n  learning_curve  = TRUE,\n  folds           = 5,\n  n_cores         = 6,\n  tune            = TRUE,\n  seed            = 123)\n```\n\nLook for the elbow in the RMSE vs training‑fraction plot to judge data sufficiency.\n\n---\n\n  ## 8 · Advanced Options Cheat‑Sheet (Regression)\n\n  | Argument            | Purpose                     | Example                                             |\n  | ------------------- | --------------------------- | --------------------------------------------------- |\n  | `scaling_methods`   | Choose centre / scale steps | `scaling_methods = NULL` to skip                    |\n  | `tuning_strategy`   | Bayesian search             | `tuning_strategy = \"bayes\", tuning_iterations = 40` |\n  | `adaptive = TRUE`   | Racing / ANOVA pruning      | `adaptive = TRUE`                                   |\n  | `algorithm_engines` | Change engines              | `list(rand_forest = \"ranger\", xgboost = \"xgboost\")` |\n\n  ---\n\n  ## 9 · Wrap‑up & Next Steps\n\n  * Experiment with more algorithms via `availableMethods(\"regression\")`.\n* Try alternative metrics: `metric = \"mae\"` or a custom summary function.\n* Scale out using distributed engines (`spark`, `h2o`).\n\nMove on to the **Advanced fastml Tutorial** to learn about ensembling and custom recipes.\n\n---\n\n  ### Session Info\n\n  ```r\nsessionInfo()\n```\n"},"formats":{"html":{"identifier":{"display-name":"HTML","target-format":"html","base-format":"html"},"execute":{"fig-width":7,"fig-height":5,"fig-format":"retina","fig-dpi":96,"df-print":"default","error":false,"eval":true,"cache":null,"freeze":false,"echo":true,"output":true,"warning":true,"include":true,"keep-md":false,"keep-ipynb":false,"ipynb":null,"enabled":null,"daemon":null,"daemon-restart":false,"debug":false,"ipynb-filters":[],"ipynb-shell-interactivity":null,"plotly-connected":true,"engine":"markdown"},"render":{"keep-tex":false,"keep-typ":false,"keep-source":false,"keep-hidden":false,"prefer-html":false,"output-divs":true,"output-ext":"html","fig-align":"default","fig-pos":null,"fig-env":null,"code-fold":"none","code-overflow":"scroll","code-link":false,"code-line-numbers":false,"code-tools":false,"tbl-colwidths":"auto","merge-includes":true,"inline-includes":false,"preserve-yaml":false,"latex-auto-mk":true,"latex-auto-install":true,"latex-clean":true,"latex-min-runs":1,"latex-max-runs":10,"latex-makeindex":"makeindex","latex-makeindex-opts":[],"latex-tlmgr-opts":[],"latex-input-paths":[],"latex-output-dir":null,"link-external-icon":false,"link-external-newwindow":false,"self-contained-math":false,"format-resources":[],"notebook-links":true},"pandoc":{"standalone":true,"wrap":"none","default-image-extension":"png","to":"html","toc":true,"css":["styles.css"],"output-file":"fastml-regression.html"},"language":{"toc-title-document":"Table of contents","toc-title-website":"On this page","related-formats-title":"Other Formats","related-notebooks-title":"Notebooks","source-notebooks-prefix":"Source","other-links-title":"Other Links","code-links-title":"Code Links","launch-dev-container-title":"Launch Dev Container","launch-binder-title":"Launch Binder","article-notebook-label":"Article Notebook","notebook-preview-download":"Download Notebook","notebook-preview-download-src":"Download Source","notebook-preview-back":"Back to Article","manuscript-meca-bundle":"MECA Bundle","section-title-abstract":"Abstract","section-title-appendices":"Appendices","section-title-footnotes":"Footnotes","section-title-references":"References","section-title-reuse":"Reuse","section-title-copyright":"Copyright","section-title-citation":"Citation","appendix-attribution-cite-as":"For attribution, please cite this work as:","appendix-attribution-bibtex":"BibTeX citation:","appendix-view-license":"View License","title-block-author-single":"Author","title-block-author-plural":"Authors","title-block-affiliation-single":"Affiliation","title-block-affiliation-plural":"Affiliations","title-block-published":"Published","title-block-modified":"Modified","title-block-keywords":"Keywords","callout-tip-title":"Tip","callout-note-title":"Note","callout-warning-title":"Warning","callout-important-title":"Important","callout-caution-title":"Caution","code-summary":"Code","code-tools-menu-caption":"Code","code-tools-show-all-code":"Show All Code","code-tools-hide-all-code":"Hide All Code","code-tools-view-source":"View Source","code-tools-source-code":"Source Code","tools-share":"Share","tools-download":"Download","code-line":"Line","code-lines":"Lines","copy-button-tooltip":"Copy to Clipboard","copy-button-tooltip-success":"Copied!","repo-action-links-edit":"Edit this page","repo-action-links-source":"View source","repo-action-links-issue":"Report an issue","back-to-top":"Back to top","search-no-results-text":"No results","search-matching-documents-text":"matching documents","search-copy-link-title":"Copy link to search","search-hide-matches-text":"Hide additional matches","search-more-match-text":"more match in this document","search-more-matches-text":"more matches in this document","search-clear-button-title":"Clear","search-text-placeholder":"","search-detached-cancel-button-title":"Cancel","search-submit-button-title":"Submit","search-label":"Search","toggle-section":"Toggle section","toggle-sidebar":"Toggle sidebar navigation","toggle-dark-mode":"Toggle dark mode","toggle-reader-mode":"Toggle reader mode","toggle-navigation":"Toggle navigation","crossref-fig-title":"Figure","crossref-tbl-title":"Table","crossref-lst-title":"Listing","crossref-thm-title":"Theorem","crossref-lem-title":"Lemma","crossref-cor-title":"Corollary","crossref-prp-title":"Proposition","crossref-cnj-title":"Conjecture","crossref-def-title":"Definition","crossref-exm-title":"Example","crossref-exr-title":"Exercise","crossref-ch-prefix":"Chapter","crossref-apx-prefix":"Appendix","crossref-sec-prefix":"Section","crossref-eq-prefix":"Equation","crossref-lof-title":"List of Figures","crossref-lot-title":"List of Tables","crossref-lol-title":"List of Listings","environment-proof-title":"Proof","environment-remark-title":"Remark","environment-solution-title":"Solution","listing-page-order-by":"Order By","listing-page-order-by-default":"Default","listing-page-order-by-date-asc":"Oldest","listing-page-order-by-date-desc":"Newest","listing-page-order-by-number-desc":"High to Low","listing-page-order-by-number-asc":"Low to High","listing-page-field-date":"Date","listing-page-field-title":"Title","listing-page-field-description":"Description","listing-page-field-author":"Author","listing-page-field-filename":"File Name","listing-page-field-filemodified":"Modified","listing-page-field-subtitle":"Subtitle","listing-page-field-readingtime":"Reading Time","listing-page-field-wordcount":"Word Count","listing-page-field-categories":"Categories","listing-page-minutes-compact":"{0} min","listing-page-category-all":"All","listing-page-no-matches":"No matching items","listing-page-words":"{0} words","listing-page-filter":"Filter","draft":"Draft"},"metadata":{"lang":"en","fig-responsive":true,"quarto-version":"1.7.30","theme":"cosmo","code-copy":true,"title":"Predicting Continuous Outcomes with fastml()","editor":"visual"},"extensions":{"book":{"multiFile":true}}}},"projectFormats":["html"]}