{"title":"Explaining Models with fastexplain()","markdown":{"yaml":{"title":"Explaining Models with fastexplain()","format":"html","editor":"visual"},"headingText":"Introduction","containsRefs":false,"markdown":"\n\n\nAfter training your models using the `fastml()` function, you can gain deeper insights into model behavior using the `fastexplain()` function. This function provides a set of visual and quantitative tools to help you interpret model predictions, understand feature importance, and explore the relationships between predictors and the outcome.\n\nThe `fastexplain()` function is built on top of the `DALEX` package, allowing for model-agnostic explanations that work across a wide range of algorithms.\n\n# Purpose\n\n`fastexplain()` helps to answer questions such as:\n\n  * Which features are the most important for model prediction?\n  * How do features affect the predicted outcome?\n  * Are model predictions stable or sensitive to small changes in input?\n\n  # Usage\n\n  ```r\nexplanation <- fastexplain(result, type = \"full\")\n```\n\n### Key Arguments:\n\n* `object`: The output object from `fastml()`.\n* `type`: Type of explanation. Options are:\n\n  * `\"importance\"`: Show variable importance only\n* `\"shap\"`: Show SHAP values only\n* `\"profiles\"`: Show model profile plots\n* `\"full\"`: Display all available explanation types\n* `model_index`: Optional index if you want to explain a model other than the best one\n\n# Example\n\nWe’ll continue using the `result` object from the `fastml()` example in the previous tutorial:\n\n  ```r\nexplanation <- fastexplain(result, type = \"full\")\n```\n\nThis call produces:\n\n  * A variable importance plot (permutation-based)\n* A SHAP summary plot\n* Model profile plots (how individual features influence predictions)\n\n# Visual Outputs\n\nEach of the outputs helps you understand different aspects:\n\n  * **Variable Importance**: Shows which variables contribute most to the model's predictive performance.\n* **SHAP Summary**: Breaks down individual predictions by showing how much each feature contributed.\n* **Model Profiles**: Depicts the functional form of how features affect predictions (analogous to partial dependence plots).\n\n# Customization\n\nYou can pass additional arguments to customize behavior. For example:\n\n```r\nfastexplain(result, type = \"importance\", top_n = 10)\n```\n\nLimits the explanation to the top 10 most important features.\n\n# Notes\n\nMake sure that your data contains enough features and variation to compute reliable explanations. For very small datasets, some explanation techniques may produce unstable results.\n\n# Next Steps\n\nIn the next tutorial, we’ll explore how to perform model stacking and ensembling in `fastml` to further improve predictive performance.\n","srcMarkdownNoYaml":"\n\n# Introduction\n\nAfter training your models using the `fastml()` function, you can gain deeper insights into model behavior using the `fastexplain()` function. This function provides a set of visual and quantitative tools to help you interpret model predictions, understand feature importance, and explore the relationships between predictors and the outcome.\n\nThe `fastexplain()` function is built on top of the `DALEX` package, allowing for model-agnostic explanations that work across a wide range of algorithms.\n\n# Purpose\n\n`fastexplain()` helps to answer questions such as:\n\n  * Which features are the most important for model prediction?\n  * How do features affect the predicted outcome?\n  * Are model predictions stable or sensitive to small changes in input?\n\n  # Usage\n\n  ```r\nexplanation <- fastexplain(result, type = \"full\")\n```\n\n### Key Arguments:\n\n* `object`: The output object from `fastml()`.\n* `type`: Type of explanation. Options are:\n\n  * `\"importance\"`: Show variable importance only\n* `\"shap\"`: Show SHAP values only\n* `\"profiles\"`: Show model profile plots\n* `\"full\"`: Display all available explanation types\n* `model_index`: Optional index if you want to explain a model other than the best one\n\n# Example\n\nWe’ll continue using the `result` object from the `fastml()` example in the previous tutorial:\n\n  ```r\nexplanation <- fastexplain(result, type = \"full\")\n```\n\nThis call produces:\n\n  * A variable importance plot (permutation-based)\n* A SHAP summary plot\n* Model profile plots (how individual features influence predictions)\n\n# Visual Outputs\n\nEach of the outputs helps you understand different aspects:\n\n  * **Variable Importance**: Shows which variables contribute most to the model's predictive performance.\n* **SHAP Summary**: Breaks down individual predictions by showing how much each feature contributed.\n* **Model Profiles**: Depicts the functional form of how features affect predictions (analogous to partial dependence plots).\n\n# Customization\n\nYou can pass additional arguments to customize behavior. For example:\n\n```r\nfastexplain(result, type = \"importance\", top_n = 10)\n```\n\nLimits the explanation to the top 10 most important features.\n\n# Notes\n\nMake sure that your data contains enough features and variation to compute reliable explanations. For very small datasets, some explanation techniques may produce unstable results.\n\n# Next Steps\n\nIn the next tutorial, we’ll explore how to perform model stacking and ensembling in `fastml` to further improve predictive performance.\n"},"formats":{"html":{"identifier":{"display-name":"HTML","target-format":"html","base-format":"html"},"execute":{"fig-width":7,"fig-height":5,"fig-format":"retina","fig-dpi":96,"df-print":"default","error":false,"eval":true,"cache":null,"freeze":false,"echo":true,"output":true,"warning":true,"include":true,"keep-md":false,"keep-ipynb":false,"ipynb":null,"enabled":null,"daemon":null,"daemon-restart":false,"debug":false,"ipynb-filters":[],"ipynb-shell-interactivity":null,"plotly-connected":true,"engine":"markdown"},"render":{"keep-tex":false,"keep-typ":false,"keep-source":false,"keep-hidden":false,"prefer-html":false,"output-divs":true,"output-ext":"html","fig-align":"default","fig-pos":null,"fig-env":null,"code-fold":"none","code-overflow":"scroll","code-link":false,"code-line-numbers":false,"code-tools":false,"tbl-colwidths":"auto","merge-includes":true,"inline-includes":false,"preserve-yaml":false,"latex-auto-mk":true,"latex-auto-install":true,"latex-clean":true,"latex-min-runs":1,"latex-max-runs":10,"latex-makeindex":"makeindex","latex-makeindex-opts":[],"latex-tlmgr-opts":[],"latex-input-paths":[],"latex-output-dir":null,"link-external-icon":false,"link-external-newwindow":false,"self-contained-math":false,"format-resources":[],"notebook-links":true},"pandoc":{"standalone":true,"wrap":"none","default-image-extension":"png","to":"html","toc":true,"css":["styles.css"],"output-file":"fastexplain.html"},"language":{"toc-title-document":"Table of contents","toc-title-website":"On this page","related-formats-title":"Other Formats","related-notebooks-title":"Notebooks","source-notebooks-prefix":"Source","other-links-title":"Other Links","code-links-title":"Code Links","launch-dev-container-title":"Launch Dev Container","launch-binder-title":"Launch Binder","article-notebook-label":"Article Notebook","notebook-preview-download":"Download Notebook","notebook-preview-download-src":"Download Source","notebook-preview-back":"Back to Article","manuscript-meca-bundle":"MECA Bundle","section-title-abstract":"Abstract","section-title-appendices":"Appendices","section-title-footnotes":"Footnotes","section-title-references":"References","section-title-reuse":"Reuse","section-title-copyright":"Copyright","section-title-citation":"Citation","appendix-attribution-cite-as":"For attribution, please cite this work as:","appendix-attribution-bibtex":"BibTeX citation:","appendix-view-license":"View License","title-block-author-single":"Author","title-block-author-plural":"Authors","title-block-affiliation-single":"Affiliation","title-block-affiliation-plural":"Affiliations","title-block-published":"Published","title-block-modified":"Modified","title-block-keywords":"Keywords","callout-tip-title":"Tip","callout-note-title":"Note","callout-warning-title":"Warning","callout-important-title":"Important","callout-caution-title":"Caution","code-summary":"Code","code-tools-menu-caption":"Code","code-tools-show-all-code":"Show All Code","code-tools-hide-all-code":"Hide All Code","code-tools-view-source":"View Source","code-tools-source-code":"Source Code","tools-share":"Share","tools-download":"Download","code-line":"Line","code-lines":"Lines","copy-button-tooltip":"Copy to Clipboard","copy-button-tooltip-success":"Copied!","repo-action-links-edit":"Edit this page","repo-action-links-source":"View source","repo-action-links-issue":"Report an issue","back-to-top":"Back to top","search-no-results-text":"No results","search-matching-documents-text":"matching documents","search-copy-link-title":"Copy link to search","search-hide-matches-text":"Hide additional matches","search-more-match-text":"more match in this document","search-more-matches-text":"more matches in this document","search-clear-button-title":"Clear","search-text-placeholder":"","search-detached-cancel-button-title":"Cancel","search-submit-button-title":"Submit","search-label":"Search","toggle-section":"Toggle section","toggle-sidebar":"Toggle sidebar navigation","toggle-dark-mode":"Toggle dark mode","toggle-reader-mode":"Toggle reader mode","toggle-navigation":"Toggle navigation","crossref-fig-title":"Figure","crossref-tbl-title":"Table","crossref-lst-title":"Listing","crossref-thm-title":"Theorem","crossref-lem-title":"Lemma","crossref-cor-title":"Corollary","crossref-prp-title":"Proposition","crossref-cnj-title":"Conjecture","crossref-def-title":"Definition","crossref-exm-title":"Example","crossref-exr-title":"Exercise","crossref-ch-prefix":"Chapter","crossref-apx-prefix":"Appendix","crossref-sec-prefix":"Section","crossref-eq-prefix":"Equation","crossref-lof-title":"List of Figures","crossref-lot-title":"List of Tables","crossref-lol-title":"List of Listings","environment-proof-title":"Proof","environment-remark-title":"Remark","environment-solution-title":"Solution","listing-page-order-by":"Order By","listing-page-order-by-default":"Default","listing-page-order-by-date-asc":"Oldest","listing-page-order-by-date-desc":"Newest","listing-page-order-by-number-desc":"High to Low","listing-page-order-by-number-asc":"Low to High","listing-page-field-date":"Date","listing-page-field-title":"Title","listing-page-field-description":"Description","listing-page-field-author":"Author","listing-page-field-filename":"File Name","listing-page-field-filemodified":"Modified","listing-page-field-subtitle":"Subtitle","listing-page-field-readingtime":"Reading Time","listing-page-field-wordcount":"Word Count","listing-page-field-categories":"Categories","listing-page-minutes-compact":"{0} min","listing-page-category-all":"All","listing-page-no-matches":"No matching items","listing-page-words":"{0} words","listing-page-filter":"Filter","draft":"Draft"},"metadata":{"lang":"en","fig-responsive":true,"quarto-version":"1.7.30","theme":"cosmo","code-copy":true,"title":"Explaining Models with fastexplain()","editor":"visual"},"extensions":{"book":{"multiFile":true}}}},"projectFormats":["html"]}