{"title":"Tutorials","markdown":{"yaml":{"title":"Tutorials","format":{"html":{"toc":false,"page-layout":"full","css":"/* Center and constrain the list */\n.tutorial-list {\n  display: grid;\n  grid-template-columns: repeat(auto-fit, minmax(300px, 1fr));\n  gap: 2rem;\n  max-width: 900px;\n  margin: 2rem auto;\n  padding: 0 1rem;\n}\n/* Style each item like a soft card */\n.tutorial-item {\n  background: #f5f8fa;\n  padding: 1.5rem;\n  border-radius: 0.75rem;\n  box-shadow: 0 2px 6px rgba(0, 0, 0, 0.1);\n  transition: all 0.3s ease;\n}\n.tutorial-item:hover {\n  transform: translateY(-5px);\n  box-shadow: 0 4px 8px rgba(0, 0, 0, 0.15);\n}\n.tutorial-item h3 {\n  margin-top: 0;\n  margin-bottom: 0.5rem;\n  font-size: 1.25rem;\n  color: #2c3e50;\n}\n.tutorial-item p {\n  margin: 0.5rem 0 1rem;\n  line-height: 1.6;\n  font-size: 1rem;\n  color: #7f8c8d;\n}\n.tutorial-item .btn {\n  display: inline-block;\n  padding: 0.75rem 1.25rem;\n  background-color: #3498db;\n  color: #fff;\n  text-decoration: none;\n  border-radius: 0.5rem;\n  font-weight: bold;\n  text-align: center;\n  transition: background-color 0.3s ease;\n}\n.tutorial-item .btn:hover {\n  background-color: #2980b9;\n}\n"}}},"headingText":"🔍 Exploring Data","containsRefs":false,"markdown":"\nWelcome to the tutorials page! Choose a tutorial below to start learning how to use the fastml package for machine learning tasks, ranging from data exploration to advanced techniques.\n\n<div class=\"tutorial-list\">\n\n<div class=\"tutorial-item\">\nGet a feel for your dataset, visualize missing values, spot outliers, and understand correlations in one call.  \n[Start the **fastexplore()** guide »](fastexplore.qmd)\n</div>\n\n<div class=\"tutorial-item\">\n### 🏷️ Classification Workflows\nTune and compare dozens of algorithms for categorical outcomes.  \n[Jump to **fastml-classification** »](fastml-classification.qmd)\n</div>\n\n<div class=\"tutorial-item\">\n### 📈 Regression Workflows\nAutomate numeric-target modeling with cross-validation, grid searches, and performance plots.  \n[Jump to **fastml-regression** »](fastml-regression.qmd)\n</div>\n\n<div class=\"tutorial-item\">\n### 🚀 Advanced Techniques\nLearn about Bayesian & racing searches, parallel processing engines (H2O/Spark), ensembling, and learning curves.  \n[Explore **fastml-advanced** »](fastml-advanced.qmd)\n</div>\n\n<div class=\"tutorial-item\">\n### 🔎 Model Explainability\nUnderstand model predictions with permutation variable importance, SHAP values, and profile plots.  \n[Open the **fastexplain()** guide »](fastexplain.qmd)\n</div>\n\n</div>\n\n<br/>\n\nNeed a refresher on installing **fastml**?  \nSee the [Getting Started](../getting-started.qmd) page for installation, basic usage, and package philosophy.\n","srcMarkdownNoYaml":"\nWelcome to the tutorials page! Choose a tutorial below to start learning how to use the fastml package for machine learning tasks, ranging from data exploration to advanced techniques.\n\n<div class=\"tutorial-list\">\n\n<div class=\"tutorial-item\">\n### 🔍 Exploring Data\nGet a feel for your dataset, visualize missing values, spot outliers, and understand correlations in one call.  \n[Start the **fastexplore()** guide »](fastexplore.qmd)\n</div>\n\n<div class=\"tutorial-item\">\n### 🏷️ Classification Workflows\nTune and compare dozens of algorithms for categorical outcomes.  \n[Jump to **fastml-classification** »](fastml-classification.qmd)\n</div>\n\n<div class=\"tutorial-item\">\n### 📈 Regression Workflows\nAutomate numeric-target modeling with cross-validation, grid searches, and performance plots.  \n[Jump to **fastml-regression** »](fastml-regression.qmd)\n</div>\n\n<div class=\"tutorial-item\">\n### 🚀 Advanced Techniques\nLearn about Bayesian & racing searches, parallel processing engines (H2O/Spark), ensembling, and learning curves.  \n[Explore **fastml-advanced** »](fastml-advanced.qmd)\n</div>\n\n<div class=\"tutorial-item\">\n### 🔎 Model Explainability\nUnderstand model predictions with permutation variable importance, SHAP values, and profile plots.  \n[Open the **fastexplain()** guide »](fastexplain.qmd)\n</div>\n\n</div>\n\n<br/>\n\nNeed a refresher on installing **fastml**?  \nSee the [Getting Started](../getting-started.qmd) page for installation, basic usage, and package philosophy.\n"},"formats":{"html":{"identifier":{"display-name":"HTML","target-format":"html","base-format":"html"},"execute":{"fig-width":7,"fig-height":5,"fig-format":"retina","fig-dpi":96,"df-print":"default","error":false,"eval":true,"cache":null,"freeze":false,"echo":true,"output":true,"warning":true,"include":true,"keep-md":false,"keep-ipynb":false,"ipynb":null,"enabled":null,"daemon":null,"daemon-restart":false,"debug":false,"ipynb-filters":[],"ipynb-shell-interactivity":null,"plotly-connected":true,"engine":"markdown"},"render":{"keep-tex":false,"keep-typ":false,"keep-source":false,"keep-hidden":false,"prefer-html":false,"output-divs":true,"output-ext":"html","fig-align":"default","fig-pos":null,"fig-env":null,"code-fold":"none","code-overflow":"scroll","code-link":false,"code-line-numbers":false,"code-tools":false,"tbl-colwidths":"auto","merge-includes":true,"inline-includes":false,"preserve-yaml":false,"latex-auto-mk":true,"latex-auto-install":true,"latex-clean":true,"latex-min-runs":1,"latex-max-runs":10,"latex-makeindex":"makeindex","latex-makeindex-opts":[],"latex-tlmgr-opts":[],"latex-input-paths":[],"latex-output-dir":null,"link-external-icon":false,"link-external-newwindow":false,"self-contained-math":false,"format-resources":[],"notebook-links":true},"pandoc":{"standalone":true,"wrap":"none","default-image-extension":"png","to":"html","toc":false,"css":["styles.css","/* Center and constrain the list */\n.tutorial-list {\n  display: grid;\n  grid-template-columns: repeat(auto-fit, minmax(300px, 1fr));\n  gap: 2rem;\n  max-width: 900px;\n  margin: 2rem auto;\n  padding: 0 1rem;\n}\n/* Style each item like a soft card */\n.tutorial-item {\n  background: #f5f8fa;\n  padding: 1.5rem;\n  border-radius: 0.75rem;\n  box-shadow: 0 2px 6px rgba(0, 0, 0, 0.1);\n  transition: all 0.3s ease;\n}\n.tutorial-item:hover {\n  transform: translateY(-5px);\n  box-shadow: 0 4px 8px rgba(0, 0, 0, 0.15);\n}\n.tutorial-item h3 {\n  margin-top: 0;\n  margin-bottom: 0.5rem;\n  font-size: 1.25rem;\n  color: #2c3e50;\n}\n.tutorial-item p {\n  margin: 0.5rem 0 1rem;\n  line-height: 1.6;\n  font-size: 1rem;\n  color: #7f8c8d;\n}\n.tutorial-item .btn {\n  display: inline-block;\n  padding: 0.75rem 1.25rem;\n  background-color: #3498db;\n  color: #fff;\n  text-decoration: none;\n  border-radius: 0.5rem;\n  font-weight: bold;\n  text-align: center;\n  transition: background-color 0.3s ease;\n}\n.tutorial-item .btn:hover {\n  background-color: #2980b9;\n}\n"],"output-file":"index.html"},"language":{"toc-title-document":"Table of contents","toc-title-website":"On this page","related-formats-title":"Other Formats","related-notebooks-title":"Notebooks","source-notebooks-prefix":"Source","other-links-title":"Other Links","code-links-title":"Code Links","launch-dev-container-title":"Launch Dev Container","launch-binder-title":"Launch Binder","article-notebook-label":"Article Notebook","notebook-preview-download":"Download Notebook","notebook-preview-download-src":"Download Source","notebook-preview-back":"Back to Article","manuscript-meca-bundle":"MECA Bundle","section-title-abstract":"Abstract","section-title-appendices":"Appendices","section-title-footnotes":"Footnotes","section-title-references":"References","section-title-reuse":"Reuse","section-title-copyright":"Copyright","section-title-citation":"Citation","appendix-attribution-cite-as":"For attribution, please cite this work as:","appendix-attribution-bibtex":"BibTeX citation:","appendix-view-license":"View License","title-block-author-single":"Author","title-block-author-plural":"Authors","title-block-affiliation-single":"Affiliation","title-block-affiliation-plural":"Affiliations","title-block-published":"Published","title-block-modified":"Modified","title-block-keywords":"Keywords","callout-tip-title":"Tip","callout-note-title":"Note","callout-warning-title":"Warning","callout-important-title":"Important","callout-caution-title":"Caution","code-summary":"Code","code-tools-menu-caption":"Code","code-tools-show-all-code":"Show All Code","code-tools-hide-all-code":"Hide All Code","code-tools-view-source":"View Source","code-tools-source-code":"Source Code","tools-share":"Share","tools-download":"Download","code-line":"Line","code-lines":"Lines","copy-button-tooltip":"Copy to Clipboard","copy-button-tooltip-success":"Copied!","repo-action-links-edit":"Edit this page","repo-action-links-source":"View source","repo-action-links-issue":"Report an issue","back-to-top":"Back to top","search-no-results-text":"No results","search-matching-documents-text":"matching documents","search-copy-link-title":"Copy link to search","search-hide-matches-text":"Hide additional matches","search-more-match-text":"more match in this document","search-more-matches-text":"more matches in this document","search-clear-button-title":"Clear","search-text-placeholder":"","search-detached-cancel-button-title":"Cancel","search-submit-button-title":"Submit","search-label":"Search","toggle-section":"Toggle section","toggle-sidebar":"Toggle sidebar navigation","toggle-dark-mode":"Toggle dark mode","toggle-reader-mode":"Toggle reader mode","toggle-navigation":"Toggle navigation","crossref-fig-title":"Figure","crossref-tbl-title":"Table","crossref-lst-title":"Listing","crossref-thm-title":"Theorem","crossref-lem-title":"Lemma","crossref-cor-title":"Corollary","crossref-prp-title":"Proposition","crossref-cnj-title":"Conjecture","crossref-def-title":"Definition","crossref-exm-title":"Example","crossref-exr-title":"Exercise","crossref-ch-prefix":"Chapter","crossref-apx-prefix":"Appendix","crossref-sec-prefix":"Section","crossref-eq-prefix":"Equation","crossref-lof-title":"List of Figures","crossref-lot-title":"List of Tables","crossref-lol-title":"List of Listings","environment-proof-title":"Proof","environment-remark-title":"Remark","environment-solution-title":"Solution","listing-page-order-by":"Order By","listing-page-order-by-default":"Default","listing-page-order-by-date-asc":"Oldest","listing-page-order-by-date-desc":"Newest","listing-page-order-by-number-desc":"High to Low","listing-page-order-by-number-asc":"Low to High","listing-page-field-date":"Date","listing-page-field-title":"Title","listing-page-field-description":"Description","listing-page-field-author":"Author","listing-page-field-filename":"File Name","listing-page-field-filemodified":"Modified","listing-page-field-subtitle":"Subtitle","listing-page-field-readingtime":"Reading Time","listing-page-field-wordcount":"Word Count","listing-page-field-categories":"Categories","listing-page-minutes-compact":"{0} min","listing-page-category-all":"All","listing-page-no-matches":"No matching items","listing-page-words":"{0} words","listing-page-filter":"Filter","draft":"Draft"},"metadata":{"lang":"en","fig-responsive":true,"quarto-version":"1.7.30","theme":"cosmo","code-copy":true,"title":"Tutorials","page-layout":"full"},"extensions":{"book":{"multiFile":true}}}},"projectFormats":["html"]}