{"title":"Reference","markdown":{"yaml":{"title":"Reference","format":{"html":{"toc":true,"page-layout":"full"}},"editor":"visual"},"headingText":"How to use this reference","containsRefs":false,"markdown":"\n\n::: {.callout-tip collapse=\"false\" icon=\"book\"}\n\n* **Click any function name** to see its complete help page.\n* Sections are grouped so you can quickly locate functions for each step\n  of the workflow.\n\n_These pages are generated from roxygen2 docs, so they stay in sync with\neach release._\n:::\n\n## Core workflow verbs\n\n| Function | Purpose |\n|----------|---------|\n| [`fastml()`](fastml.qmd) | Train, tune & compare many models in one call. |\n| [`fastexplore()`](fastexplore_ref.qmd) | One-shot EDA: missings, outliers, correlations, plots. |\n| [`fastexplain()`](fastexplain_ref.qmd) | Permutation VI, SHAP values, profiles & calibration. |\n\n## Model-training helpers\n\n| Function | Description |\n|----------|-------------|\n| `train_models()` | Internal engine powering **fastml** (multi-engine, tuning). |\n| `evaluate_models()` | Computes metrics, collects predictions, highlights best. |\n| `availableMethods()` | Returns keys for all supported algorithms. |\n\n## Specification builders\n\n_All exported so you can use them directly:_\n\n`define_rand_forest_spec()`  `define_lightgbm_spec()`  `define_xgboost_spec()`  \n`define_decision_tree_spec()`  `define_svm_linear_spec()`  `define_svm_rbf_spec()`  \n…and the rest.\n\n## Utility helpers\n\n| Helper | What it does |\n|--------|--------------|\n| `sanitize()` | Clean column names / vectors (spaces → `_`, remove `/`, etc.). |\n| `get_default_engine()` | Map algorithm → default engine. |\n| `get_default_params()` | Sensible defaults when you skip tuning. |\n| `get_default_tune_params()` | Lightweight grids when `tune = TRUE`. |\n| `get_engine_names()` | Extract engine labels from nested workflows. |\n\n---\n\n### Looking for step-by-step walkthroughs?\n\nVisit the [Tutorials](../tutorials/index.qmd) section for narrative,\nhands-on guides that combine many of the functions listed above.\n","srcMarkdownNoYaml":"\n\n::: {.callout-tip collapse=\"false\" icon=\"book\"}\n# How to use this reference\n\n* **Click any function name** to see its complete help page.\n* Sections are grouped so you can quickly locate functions for each step\n  of the workflow.\n\n_These pages are generated from roxygen2 docs, so they stay in sync with\neach release._\n:::\n\n## Core workflow verbs\n\n| Function | Purpose |\n|----------|---------|\n| [`fastml()`](fastml.qmd) | Train, tune & compare many models in one call. |\n| [`fastexplore()`](fastexplore_ref.qmd) | One-shot EDA: missings, outliers, correlations, plots. |\n| [`fastexplain()`](fastexplain_ref.qmd) | Permutation VI, SHAP values, profiles & calibration. |\n\n## Model-training helpers\n\n| Function | Description |\n|----------|-------------|\n| `train_models()` | Internal engine powering **fastml** (multi-engine, tuning). |\n| `evaluate_models()` | Computes metrics, collects predictions, highlights best. |\n| `availableMethods()` | Returns keys for all supported algorithms. |\n\n## Specification builders\n\n_All exported so you can use them directly:_\n\n`define_rand_forest_spec()`  `define_lightgbm_spec()`  `define_xgboost_spec()`  \n`define_decision_tree_spec()`  `define_svm_linear_spec()`  `define_svm_rbf_spec()`  \n…and the rest.\n\n## Utility helpers\n\n| Helper | What it does |\n|--------|--------------|\n| `sanitize()` | Clean column names / vectors (spaces → `_`, remove `/`, etc.). |\n| `get_default_engine()` | Map algorithm → default engine. |\n| `get_default_params()` | Sensible defaults when you skip tuning. |\n| `get_default_tune_params()` | Lightweight grids when `tune = TRUE`. |\n| `get_engine_names()` | Extract engine labels from nested workflows. |\n\n---\n\n### Looking for step-by-step walkthroughs?\n\nVisit the [Tutorials](../tutorials/index.qmd) section for narrative,\nhands-on guides that combine many of the functions listed above.\n"},"formats":{"html":{"identifier":{"display-name":"HTML","target-format":"html","base-format":"html"},"execute":{"fig-width":7,"fig-height":5,"fig-format":"retina","fig-dpi":96,"df-print":"default","error":false,"eval":true,"cache":null,"freeze":false,"echo":true,"output":true,"warning":true,"include":true,"keep-md":false,"keep-ipynb":false,"ipynb":null,"enabled":null,"daemon":null,"daemon-restart":false,"debug":false,"ipynb-filters":[],"ipynb-shell-interactivity":null,"plotly-connected":true,"engine":"markdown"},"render":{"keep-tex":false,"keep-typ":false,"keep-source":false,"keep-hidden":false,"prefer-html":false,"output-divs":true,"output-ext":"html","fig-align":"default","fig-pos":null,"fig-env":null,"code-fold":"none","code-overflow":"scroll","code-link":false,"code-line-numbers":false,"code-tools":false,"tbl-colwidths":"auto","merge-includes":true,"inline-includes":false,"preserve-yaml":false,"latex-auto-mk":true,"latex-auto-install":true,"latex-clean":true,"latex-min-runs":1,"latex-max-runs":10,"latex-makeindex":"makeindex","latex-makeindex-opts":[],"latex-tlmgr-opts":[],"latex-input-paths":[],"latex-output-dir":null,"link-external-icon":false,"link-external-newwindow":false,"self-contained-math":false,"format-resources":[],"notebook-links":true},"pandoc":{"standalone":true,"wrap":"none","default-image-extension":"png","to":"html","toc":true,"css":["styles.css"],"output-file":"index.html"},"language":{"toc-title-document":"Table of contents","toc-title-website":"On this page","related-formats-title":"Other Formats","related-notebooks-title":"Notebooks","source-notebooks-prefix":"Source","other-links-title":"Other Links","code-links-title":"Code Links","launch-dev-container-title":"Launch Dev Container","launch-binder-title":"Launch Binder","article-notebook-label":"Article Notebook","notebook-preview-download":"Download Notebook","notebook-preview-download-src":"Download Source","notebook-preview-back":"Back to Article","manuscript-meca-bundle":"MECA Bundle","section-title-abstract":"Abstract","section-title-appendices":"Appendices","section-title-footnotes":"Footnotes","section-title-references":"References","section-title-reuse":"Reuse","section-title-copyright":"Copyright","section-title-citation":"Citation","appendix-attribution-cite-as":"For attribution, please cite this work as:","appendix-attribution-bibtex":"BibTeX citation:","appendix-view-license":"View License","title-block-author-single":"Author","title-block-author-plural":"Authors","title-block-affiliation-single":"Affiliation","title-block-affiliation-plural":"Affiliations","title-block-published":"Published","title-block-modified":"Modified","title-block-keywords":"Keywords","callout-tip-title":"Tip","callout-note-title":"Note","callout-warning-title":"Warning","callout-important-title":"Important","callout-caution-title":"Caution","code-summary":"Code","code-tools-menu-caption":"Code","code-tools-show-all-code":"Show All Code","code-tools-hide-all-code":"Hide All Code","code-tools-view-source":"View Source","code-tools-source-code":"Source Code","tools-share":"Share","tools-download":"Download","code-line":"Line","code-lines":"Lines","copy-button-tooltip":"Copy to Clipboard","copy-button-tooltip-success":"Copied!","repo-action-links-edit":"Edit this page","repo-action-links-source":"View source","repo-action-links-issue":"Report an issue","back-to-top":"Back to top","search-no-results-text":"No results","search-matching-documents-text":"matching documents","search-copy-link-title":"Copy link to search","search-hide-matches-text":"Hide additional matches","search-more-match-text":"more match in this document","search-more-matches-text":"more matches in this document","search-clear-button-title":"Clear","search-text-placeholder":"","search-detached-cancel-button-title":"Cancel","search-submit-button-title":"Submit","search-label":"Search","toggle-section":"Toggle section","toggle-sidebar":"Toggle sidebar navigation","toggle-dark-mode":"Toggle dark mode","toggle-reader-mode":"Toggle reader mode","toggle-navigation":"Toggle navigation","crossref-fig-title":"Figure","crossref-tbl-title":"Table","crossref-lst-title":"Listing","crossref-thm-title":"Theorem","crossref-lem-title":"Lemma","crossref-cor-title":"Corollary","crossref-prp-title":"Proposition","crossref-cnj-title":"Conjecture","crossref-def-title":"Definition","crossref-exm-title":"Example","crossref-exr-title":"Exercise","crossref-ch-prefix":"Chapter","crossref-apx-prefix":"Appendix","crossref-sec-prefix":"Section","crossref-eq-prefix":"Equation","crossref-lof-title":"List of Figures","crossref-lot-title":"List of Tables","crossref-lol-title":"List of Listings","environment-proof-title":"Proof","environment-remark-title":"Remark","environment-solution-title":"Solution","listing-page-order-by":"Order By","listing-page-order-by-default":"Default","listing-page-order-by-date-asc":"Oldest","listing-page-order-by-date-desc":"Newest","listing-page-order-by-number-desc":"High to Low","listing-page-order-by-number-asc":"Low to High","listing-page-field-date":"Date","listing-page-field-title":"Title","listing-page-field-description":"Description","listing-page-field-author":"Author","listing-page-field-filename":"File Name","listing-page-field-filemodified":"Modified","listing-page-field-subtitle":"Subtitle","listing-page-field-readingtime":"Reading Time","listing-page-field-wordcount":"Word Count","listing-page-field-categories":"Categories","listing-page-minutes-compact":"{0} min","listing-page-category-all":"All","listing-page-no-matches":"No matching items","listing-page-words":"{0} words","listing-page-filter":"Filter","draft":"Draft"},"metadata":{"lang":"en","fig-responsive":true,"quarto-version":"1.7.30","theme":"cosmo","code-copy":true,"title":"Reference","editor":"visual","page-layout":"full"},"extensions":{"book":{"multiFile":true}}}},"projectFormats":["html"]}