{"title":"Getting Started with fastml","markdown":{"yaml":{"title":"Getting Started with fastml","format":"html","editor":"visual"},"headingText":"Introduction","containsRefs":false,"markdown":"\n\n\nThe `fastml` package provides a streamlined, user-friendly interface for training, evaluating, and comparing multiple machine learning models for classification or regression tasks. Built on top of the `tidymodels` ecosystem, it automates common steps like resampling, preprocessing, model tuning, and performance reporting, so you can focus on insights rather than infrastructure.\n\nThis tutorial will help you get started with `fastml`, explaining how to install the package, prepare your data, train multiple models in one command, and inspect their performance.\n\n# Installation\n\nInstall the latest stable version from CRAN:\n\n``` r\ninstall.packages(\"fastml\")\n```\n\nYou can install the development version from GitHub:\n\n``` r\n# install.packages(\"devtools\")\ndevtools::install_github(\"selcukkorkmaz/fastml\")\n```\n\nOnce installed, load the package:\n\n``` r\nlibrary(fastml)\n```\n\n# Example Dataset\n\nTo illustrate how `fastml` works, we'll use the built-in `iris` dataset. We'll convert it into a binary classification task for simplicity:\n\n``` r\nlibrary(dplyr)\ndata <- iris %>%\n  filter(Species != \"setosa\") %>%\n  mutate(Species = factor(Species))\n```\n\n# Running fastml()\n\nThe main function in this package is `fastml()`. It takes in a dataset and automates model training for a selected list of algorithms.\n\n``` r\nresult <- fastml(\n  data = data,\n  label = \"Species\",\n  task = \"classification\",\n  metric = \"accuracy\",\n  algorithms = c(\"logistic_reg\", \"rand_forest\", \"svm_linear\"),\n  nfolds = 5,\n  tune = TRUE,\n  seed = 123\n)\n```\n\n### Key Arguments Explained:\n\n-   `data`: A data frame containing predictors and the outcome.\n-   `label`: The name of the outcome column (character).\n-   `task`: Either \"classification\" or \"regression\".\n-   `metric`: The performance metric to optimize (e.g., \"accuracy\", \"rmse\").\n-   `algorithms`: A vector of algorithm names. Use `availableMethods(\"classification\")` to see all.\n-   `nfolds`: Number of folds for cross-validation.\n-   `tune`: Whether to perform hyperparameter tuning (TRUE/FALSE).\n-   `seed`: Reproducibility seed.\n\n# Output\n\nThe result is a list with the following key elements:\n\n-   `models`: Nested list of fitted model workflows.\n-   `performance`: Performance metrics for each model-engine pair.\n-   `predictions`: Predictions and class probabilities.\n-   `best_model_name`: Best engine for each algorithm.\n-   `best_model`: Finalized best model workflows.\n\n# Summary of Results\n\nYou can generate a comprehensive summary with:\n\n``` r\nsummary(result)\n```\n\nThis command prints model-wise performance metrics, highlights the best model, and produces comparison plots.\n\n# Next Steps\n\nOnce you’ve trained models using `fastml()`, you can:\n\n-   Use `summary()` with `plot = TRUE` to visualize ROC curves, confusion matrices, and more.\n-   Run `fastexplain()` to compute variable importance and SHAP values (explained in another tutorial).\n\nIn the next tutorial, we will explain in detail how `fastml` handles model training, including resampling, engine selection, and hyperparameter tuning.\n","srcMarkdownNoYaml":"\n\n# Introduction\n\nThe `fastml` package provides a streamlined, user-friendly interface for training, evaluating, and comparing multiple machine learning models for classification or regression tasks. Built on top of the `tidymodels` ecosystem, it automates common steps like resampling, preprocessing, model tuning, and performance reporting, so you can focus on insights rather than infrastructure.\n\nThis tutorial will help you get started with `fastml`, explaining how to install the package, prepare your data, train multiple models in one command, and inspect their performance.\n\n# Installation\n\nInstall the latest stable version from CRAN:\n\n``` r\ninstall.packages(\"fastml\")\n```\n\nYou can install the development version from GitHub:\n\n``` r\n# install.packages(\"devtools\")\ndevtools::install_github(\"selcukkorkmaz/fastml\")\n```\n\nOnce installed, load the package:\n\n``` r\nlibrary(fastml)\n```\n\n# Example Dataset\n\nTo illustrate how `fastml` works, we'll use the built-in `iris` dataset. We'll convert it into a binary classification task for simplicity:\n\n``` r\nlibrary(dplyr)\ndata <- iris %>%\n  filter(Species != \"setosa\") %>%\n  mutate(Species = factor(Species))\n```\n\n# Running fastml()\n\nThe main function in this package is `fastml()`. It takes in a dataset and automates model training for a selected list of algorithms.\n\n``` r\nresult <- fastml(\n  data = data,\n  label = \"Species\",\n  task = \"classification\",\n  metric = \"accuracy\",\n  algorithms = c(\"logistic_reg\", \"rand_forest\", \"svm_linear\"),\n  nfolds = 5,\n  tune = TRUE,\n  seed = 123\n)\n```\n\n### Key Arguments Explained:\n\n-   `data`: A data frame containing predictors and the outcome.\n-   `label`: The name of the outcome column (character).\n-   `task`: Either \"classification\" or \"regression\".\n-   `metric`: The performance metric to optimize (e.g., \"accuracy\", \"rmse\").\n-   `algorithms`: A vector of algorithm names. Use `availableMethods(\"classification\")` to see all.\n-   `nfolds`: Number of folds for cross-validation.\n-   `tune`: Whether to perform hyperparameter tuning (TRUE/FALSE).\n-   `seed`: Reproducibility seed.\n\n# Output\n\nThe result is a list with the following key elements:\n\n-   `models`: Nested list of fitted model workflows.\n-   `performance`: Performance metrics for each model-engine pair.\n-   `predictions`: Predictions and class probabilities.\n-   `best_model_name`: Best engine for each algorithm.\n-   `best_model`: Finalized best model workflows.\n\n# Summary of Results\n\nYou can generate a comprehensive summary with:\n\n``` r\nsummary(result)\n```\n\nThis command prints model-wise performance metrics, highlights the best model, and produces comparison plots.\n\n# Next Steps\n\nOnce you’ve trained models using `fastml()`, you can:\n\n-   Use `summary()` with `plot = TRUE` to visualize ROC curves, confusion matrices, and more.\n-   Run `fastexplain()` to compute variable importance and SHAP values (explained in another tutorial).\n\nIn the next tutorial, we will explain in detail how `fastml` handles model training, including resampling, engine selection, and hyperparameter tuning.\n"},"formats":{"html":{"identifier":{"display-name":"HTML","target-format":"html","base-format":"html"},"execute":{"fig-width":7,"fig-height":5,"fig-format":"retina","fig-dpi":96,"df-print":"default","error":false,"eval":true,"cache":null,"freeze":false,"echo":true,"output":true,"warning":true,"include":true,"keep-md":false,"keep-ipynb":false,"ipynb":null,"enabled":null,"daemon":null,"daemon-restart":false,"debug":false,"ipynb-filters":[],"ipynb-shell-interactivity":null,"plotly-connected":true,"engine":"markdown"},"render":{"keep-tex":false,"keep-typ":false,"keep-source":false,"keep-hidden":false,"prefer-html":false,"output-divs":true,"output-ext":"html","fig-align":"default","fig-pos":null,"fig-env":null,"code-fold":"none","code-overflow":"scroll","code-link":false,"code-line-numbers":false,"code-tools":false,"tbl-colwidths":"auto","merge-includes":true,"inline-includes":false,"preserve-yaml":false,"latex-auto-mk":true,"latex-auto-install":true,"latex-clean":true,"latex-min-runs":1,"latex-max-runs":10,"latex-makeindex":"makeindex","latex-makeindex-opts":[],"latex-tlmgr-opts":[],"latex-input-paths":[],"latex-output-dir":null,"link-external-icon":false,"link-external-newwindow":false,"self-contained-math":false,"format-resources":[],"notebook-links":true},"pandoc":{"standalone":true,"wrap":"none","default-image-extension":"png","to":"html","toc":true,"css":["styles.css"],"output-file":"getting-started.html"},"language":{"toc-title-document":"Table of contents","toc-title-website":"On this page","related-formats-title":"Other Formats","related-notebooks-title":"Notebooks","source-notebooks-prefix":"Source","other-links-title":"Other Links","code-links-title":"Code Links","launch-dev-container-title":"Launch Dev Container","launch-binder-title":"Launch Binder","article-notebook-label":"Article Notebook","notebook-preview-download":"Download Notebook","notebook-preview-download-src":"Download Source","notebook-preview-back":"Back to Article","manuscript-meca-bundle":"MECA Bundle","section-title-abstract":"Abstract","section-title-appendices":"Appendices","section-title-footnotes":"Footnotes","section-title-references":"References","section-title-reuse":"Reuse","section-title-copyright":"Copyright","section-title-citation":"Citation","appendix-attribution-cite-as":"For attribution, please cite this work as:","appendix-attribution-bibtex":"BibTeX citation:","appendix-view-license":"View License","title-block-author-single":"Author","title-block-author-plural":"Authors","title-block-affiliation-single":"Affiliation","title-block-affiliation-plural":"Affiliations","title-block-published":"Published","title-block-modified":"Modified","title-block-keywords":"Keywords","callout-tip-title":"Tip","callout-note-title":"Note","callout-warning-title":"Warning","callout-important-title":"Important","callout-caution-title":"Caution","code-summary":"Code","code-tools-menu-caption":"Code","code-tools-show-all-code":"Show All Code","code-tools-hide-all-code":"Hide All Code","code-tools-view-source":"View Source","code-tools-source-code":"Source Code","tools-share":"Share","tools-download":"Download","code-line":"Line","code-lines":"Lines","copy-button-tooltip":"Copy to Clipboard","copy-button-tooltip-success":"Copied!","repo-action-links-edit":"Edit this page","repo-action-links-source":"View source","repo-action-links-issue":"Report an issue","back-to-top":"Back to top","search-no-results-text":"No results","search-matching-documents-text":"matching documents","search-copy-link-title":"Copy link to search","search-hide-matches-text":"Hide additional matches","search-more-match-text":"more match in this document","search-more-matches-text":"more matches in this document","search-clear-button-title":"Clear","search-text-placeholder":"","search-detached-cancel-button-title":"Cancel","search-submit-button-title":"Submit","search-label":"Search","toggle-section":"Toggle section","toggle-sidebar":"Toggle sidebar navigation","toggle-dark-mode":"Toggle dark mode","toggle-reader-mode":"Toggle reader mode","toggle-navigation":"Toggle navigation","crossref-fig-title":"Figure","crossref-tbl-title":"Table","crossref-lst-title":"Listing","crossref-thm-title":"Theorem","crossref-lem-title":"Lemma","crossref-cor-title":"Corollary","crossref-prp-title":"Proposition","crossref-cnj-title":"Conjecture","crossref-def-title":"Definition","crossref-exm-title":"Example","crossref-exr-title":"Exercise","crossref-ch-prefix":"Chapter","crossref-apx-prefix":"Appendix","crossref-sec-prefix":"Section","crossref-eq-prefix":"Equation","crossref-lof-title":"List of Figures","crossref-lot-title":"List of Tables","crossref-lol-title":"List of Listings","environment-proof-title":"Proof","environment-remark-title":"Remark","environment-solution-title":"Solution","listing-page-order-by":"Order By","listing-page-order-by-default":"Default","listing-page-order-by-date-asc":"Oldest","listing-page-order-by-date-desc":"Newest","listing-page-order-by-number-desc":"High to Low","listing-page-order-by-number-asc":"Low to High","listing-page-field-date":"Date","listing-page-field-title":"Title","listing-page-field-description":"Description","listing-page-field-author":"Author","listing-page-field-filename":"File Name","listing-page-field-filemodified":"Modified","listing-page-field-subtitle":"Subtitle","listing-page-field-readingtime":"Reading Time","listing-page-field-wordcount":"Word Count","listing-page-field-categories":"Categories","listing-page-minutes-compact":"{0} min","listing-page-category-all":"All","listing-page-no-matches":"No matching items","listing-page-words":"{0} words","listing-page-filter":"Filter","draft":"Draft"},"metadata":{"lang":"en","fig-responsive":true,"quarto-version":"1.7.30","theme":"cosmo","code-copy":true,"title":"Getting Started with fastml","editor":"visual"},"extensions":{"book":{"multiFile":true}}}},"projectFormats":["html"]}